{
    "method": "nearest",
    "labels": [
        "CEU",
        "PUR",
        "YRI"
    ],
    "overall_accuracy": 0.9269701477267017,
    "confusion_matrix": [
        [
            54339652,
            333888,
            5145562
        ],
        [
            1018563,
            997723,
            205172
        ],
        [
            5389744,
            430025,
            103616863
        ]
    ],
    "precision": {
        "CEU": 0.8945099209012108,
        "PUR": 0.5663616093222437,
        "YRI": 0.9508960998745343
    },
    "recall": {
        "CEU": 0.9083996613656955,
        "PUR": 0.44912980574019407,
        "YRI": 0.9468206495974767
    },
    "f1": {
        "CEU": 0.9014012873715151,
        "PUR": 0.5009788872670341,
        "YRI": 0.9488539986100726
    },
    "mcc": 0.8448981993446141,
    "shape": [
        865161,
        100,
        3
    ],
    "per_ancestry_accuracy": {
        "CEU": 0.9083996613656955,
        "PUR": 0.44912980574019407,
        "YRI": 0.9468206495974767
    }
}