{
    "method": "nearest",
    "labels": [
        "CEU",
        "YRI"
    ],
    "overall_accuracy": 0.6643233298572779,
    "confusion_matrix": [
        [
            56488150,
            5895082
        ],
        [
            97455505,
            148048573
        ]
    ],
    "precision": {
        "CEU": 0.36694042375439245,
        "YRI": 0.9617062359601635
    },
    "recall": {
        "CEU": 0.9055021387798567,
        "YRI": 0.603039160107149
    },
    "f1": {
        "CEU": 0.5222480735831972,
        "YRI": 0.7412663072993332
    },
    "mcc": 0.4088158499937546,
    "shape": [
        948789,
        500,
        2
    ],
    "per_ancestry_accuracy": {
        "CEU": 0.9055021387798567,
        "YRI": 0.603039160107149
    }
}