{
    "method": "stepwise",
    "labels": [
        "CEU",
        "YRI"
    ],
    "overall_accuracy": 0.3752463429176357,
    "confusion_matrix": [
        [
            176329888,
            13462139
        ],
        [
            574656296,
            176912209
        ]
    ],
    "precision": {
        "CEU": 0.234797778916263,
        "YRI": 0.9292859613628197
    },
    "recall": {
        "CEU": 0.9290689961385996,
        "YRI": 0.23539066342328968
    },
    "f1": {
        "CEU": 0.3748596341587677,
        "YRI": 0.3756325735400001
    },
    "mcc": 0.1642715923887615,
    "shape": [
        948789,
        500,
        2
    ],
    "per_ancestry_accuracy": {
        "CEU": 0.9290689961385996,
        "YRI": 0.23539066342328968
    }
}