{
    "method": "stepwise",
    "labels": [
        "CEU",
        "YRI"
    ],
    "overall_accuracy": 0.37519683372491336,
    "confusion_matrix": [
        [
            176307641,
            13486498
        ],
        [
            574678543,
            176887850
        ]
    ],
    "precision": {
        "0": 0.23476815520217348,
        "1": 0.9291580081997182
    },
    "recall": {
        "0": 0.9289414411263774,
        "1": 0.2353589139263176
    },
    "f1": {
        "0": 0.37481149783784334,
        "1": 0.37558169489984927
    },
    "mcc": 0.1641131525788135,
    "shape": [
        948789,
        500,
        2
    ],
    "per_ancestry_accuracy": {
        "CEU": 0.9289414411263774,
        "YRI": 0.2353589139263176
    }
}