{
    "method": "stepwise",
    "labels": [
        "CEU",
        "YRI"
    ],
    "overall_accuracy": 0.664330895684305,
    "confusion_matrix": [
        [
            56495365,
            5895060
        ],
        [
            97463222,
            148063527
        ]
    ],
    "precision": {
        "CEU": 0.36695169851097686,
        "YRI": 0.9617100928576332
    },
    "recall": {
        "CEU": 0.9055133860684552,
        "YRI": 0.6030443835673481
    },
    "f1": {
        "CEU": 0.522261363504632,
        "YRI": 0.74127139925857
    },
    "mcc": 0.4088318818083151,
    "shape": [
        948789,
        500,
        2
    ],
    "per_ancestry_accuracy": {
        "CEU": 0.9055133860684552,
        "YRI": 0.6030443835673481
    }
}