distance_bin	error_rate	n_sites
0-1000	0.6666666666666666	369
1000-5000	0.7019515079834417	1691
5000-10000	0.6970748636588994	2017
10000-50000	0.6841589014222658	16312
50000-100000	0.6771135515955242	19304
100000-inf	0.47258646004448385	825468
