distance_bin	error_rate	n_sites
0-1000	1.0	71
1000-5000	0.8786407766990292	206
5000-10000	1.0	237
10000-50000	0.9283201407211962	2274
50000-100000	0.9342960288808664	2770
100000-inf	0.9485820546610534	943231
