{
    "method": "nearest",
    "labels": [
        "CEU",
        "YRI"
    ],
    "overall_accuracy": 0.3751984436036082,
    "confusion_matrix": [
        [
            176310579,
            13483139
        ],
        [
            574678887,
            176885527
        ]
    ],
    "precision": {
        "0": 0.23477104138235674,
        "1": 0.9291735384645706
    },
    "recall": {
        "0": 0.9289589816666113,
        "1": 0.23535644278123047
    },
    "f1": {
        "0": 0.37481660386480714,
        "1": 0.3755798171989034
    },
    "mcc": 0.1641298974089455,
    "shape": [
        948789,
        500,
        2
    ],
    "per_ancestry_accuracy": {
        "CEU": 0.9289589816666113,
        "YRI": 0.23535644278123047
    }
}