{
    "mean_segment_accuracy": 0.039219360565179585,
    "median_segment_accuracy": 0.04923104150498469,
    "mean_tract_length_bp": 13883593.0,
    "median_tract_length_bp": 4252986.0,
    "n_segments": 3
}