distance_bin	error_rate	n_sites
0-1000	0.5088161209068011	397
1000-5000	0.43843648208469055	1535
5000-10000	0.4455709711846318	1874
10000-50000	0.43806963477804733	15251
50000-100000	0.36121426466254053	16965
100000-inf	0.059230117025010284	829139
