{
    "method": "linear",
    "labels": [
        "CEU",
        "PUR",
        "YRI"
    ],
    "overall_accuracy": 0.9223405340383756,
    "confusion_matrix": [
        [
            53949526,
            283645,
            5571532
        ],
        [
            1000259,
            1022449,
            207680
        ],
        [
            5798169,
            455542,
            103188388
        ]
    ],
    "precision": {
        "0": 0.8880879510773317,
        "1": 0.5803974260289867,
        "2": 0.946963941575294
    },
    "recall": {
        "0": 0.9020950409201096,
        "1": 0.45841754887490427,
        "2": 0.9428582688276108
    },
    "f1": {
        "0": 0.8950366975321,
        "1": 0.5122459183612122,
        "2": 0.9449066453775022
    },
    "mcc": 0.8350671512023987,
    "shape": [
        865161,
        100,
        3
    ],
    "per_ancestry_accuracy": {
        "CEU": 0.9020950409201096,
        "PUR": 0.45841754887490427,
        "YRI": 0.9428582688276108
    }
}