{
    "method": "linear",
    "labels": [
        "CEU",
        "PUR",
        "YRI"
    ],
    "overall_accuracy": 0.9269701527066078,
    "confusion_matrix": [
        [
            54339651,
            333888,
            5145565
        ],
        [
            1018563,
            997723,
            205172
        ],
        [
            5389740,
            430025,
            103616863
        ]
    ],
    "precision": {
        "CEU": 0.8945099780644464,
        "PUR": 0.5663616093222437,
        "YRI": 0.9508960736953003
    },
    "recall": {
        "CEU": 0.908399614277071,
        "PUR": 0.44912980574019407,
        "YRI": 0.9468206842045608
    },
    "f1": {
        "CEU": 0.9014012932122802,
        "PUR": 0.5009788872670341,
        "YRI": 0.9488540029545582
    },
    "mcc": 0.8448982084609941,
    "shape": [
        865161,
        100,
        3
    ],
    "per_ancestry_accuracy": {
        "CEU": 0.908399614277071,
        "PUR": 0.44912980574019407,
        "YRI": 0.9468206842045608
    }
}