{
    "mean_segment_accuracy": 0.6579556652030041,
    "median_segment_accuracy": 0.9999849934909267,
    "mean_tract_length_bp": 4627641.444444444,
    "median_tract_length_bp": 2873315.0,
    "n_segments": 9
}