{
    "method": "linear",
    "labels": [
        "CEU",
        "PUR",
        "YRI"
    ],
    "overall_accuracy": 0.5001564951544315,
    "confusion_matrix": [
        [
            28837823,
            29083986,
            795202
        ],
        [
            402617,
            767550,
            32101
        ],
        [
            2028353,
            51608498,
            54397952
        ]
    ],
    "precision": {
        "CEU": 0.9222557135480094,
        "PUR": 0.009422411976896548,
        "YRI": 0.9850194806705737
    },
    "recall": {
        "CEU": 0.4911323398256768,
        "PUR": 0.6384183892443283,
        "YRI": 0.5035224806213605
    },
    "f1": {
        "CEU": 0.6409416089675656,
        "PUR": 0.0185707385695598,
        "YRI": 0.6663963331435299
    },
    "mcc": 0.40970536126014845,
    "shape": [
        865161,
        100,
        3
    ],
    "per_ancestry_accuracy": {
        "CEU": 0.4911323398256768,
        "PUR": 0.6384183892443283,
        "YRI": 0.5035224806213605
    }
}