{
    "method": "nearest",
    "labels": [
        "CEU",
        "PUR",
        "YRI"
    ],
    "overall_accuracy": 0.9223405349441458,
    "confusion_matrix": [
        [
            53949528,
            283645,
            5571529
        ],
        [
            1000259,
            1022449,
            207680
        ],
        [
            5798172,
            455542,
            103188388
        ]
    ],
    "precision": {
        "0": 0.8880879109041342,
        "1": 0.5803974260289867,
        "2": 0.946963967646272
    },
    "recall": {
        "0": 0.9020950894463114,
        "1": 0.45841754887490427,
        "2": 0.9428582429822118
    },
    "f1": {
        "0": 0.8950367010148369,
        "1": 0.5122459183612122,
        "2": 0.9449066453775024
    },
    "mcc": 0.8350671551371713,
    "shape": [
        865161,
        100,
        3
    ],
    "per_ancestry_accuracy": {
        "CEU": 0.9020950894463114,
        "PUR": 0.45841754887490427,
        "YRI": 0.9428582429822118
    }
}