{
    "method": "stepwise",
    "labels": [
        "CEU",
        "PUR",
        "YRI"
    ],
    "overall_accuracy": 0.9223400777528559,
    "confusion_matrix": [
        [
            53949467,
            283648,
            5571581
        ],
        [
            1000258,
            1022451,
            207686
        ],
        [
            5798193,
            455538,
            103188352
        ]
    ],
    "precision": {
        "0": 0.8880875061430089,
        "1": 0.5803982318718328,
        "2": 0.9469634460857588
    },
    "recall": {
        "0": 0.9020941599636256,
        "1": 0.4584170068530462,
        "2": 0.9428580777286558
    },
    "f1": {
        "0": 0.8950360379576672,
        "1": 0.5122458938204905,
        "2": 0.9449063027429065
    },
    "mcc": 0.8350661713621484,
    "shape": [
        865161,
        100,
        3
    ],
    "per_ancestry_accuracy": {
        "CEU": 0.9020941599636256,
        "PUR": 0.4584170068530462,
        "YRI": 0.9428580777286558
    }
}