{
    "method": "stepwise",
    "labels": [
        "CEU",
        "PUR",
        "YRI"
    ],
    "overall_accuracy": 0.9269697435065031,
    "confusion_matrix": [
        [
            54339598,
            333883,
            5145617
        ],
        [
            1018563,
            997725,
            205173
        ],
        [
            5389757,
            430029,
            103616829
        ]
    ],
    "precision": {
        "CEU": 0.8945096357047166,
        "PUR": 0.566362423132575,
        "YRI": 0.9508955958742202
    },
    "recall": {
        "CEU": 0.9083988193870793,
        "PUR": 0.4491300995155891,
        "YRI": 0.9468204859954779
    },
    "f1": {
        "CEU": 0.9014007280399143,
        "PUR": 0.5009793884057083,
        "YRI": 0.9488536655383705
    },
    "mcc": 0.8448973247695575,
    "shape": [
        865161,
        100,
        3
    ],
    "per_ancestry_accuracy": {
        "CEU": 0.9083988193870793,
        "PUR": 0.4491300995155891,
        "YRI": 0.9468204859954779
    }
}