{
    "method": "nearest",
    "labels": [
        "CEU",
        "PUR",
        "YRI"
    ],
    "overall_accuracy": 0.5001564475093242,
    "confusion_matrix": [
        [
            28837815,
            29083996,
            795202
        ],
        [
            402617,
            767550,
            32101
        ],
        [
            2028356,
            51608500,
            54397959
        ]
    ],
    "precision": {
        "CEU": 0.9222556051740797,
        "PUR": 0.009422410588867088,
        "YRI": 0.9850194825694082
    },
    "recall": {
        "CEU": 0.49113218685017235,
        "PUR": 0.6384183892443283,
        "YRI": 0.5035224894863753
    },
    "f1": {
        "CEU": 0.6409414525298274,
        "PUR": 0.018570735873665478,
        "YRI": 0.6663963413419192
    },
    "mcc": 0.4097052923900441,
    "shape": [
        865161,
        100,
        3
    ],
    "per_ancestry_accuracy": {
        "CEU": 0.49113218685017235,
        "PUR": 0.6384183892443283,
        "YRI": 0.5035224894863753
    }
}