{
    "method": "stepwise",
    "labels": [
        "CEU",
        "PUR",
        "YRI"
    ],
    "overall_accuracy": 0.5001562808119934,
    "confusion_matrix": [
        [
            28837782,
            29083990,
            795216
        ],
        [
            402617,
            767555,
            32105
        ],
        [
            2028359,
            51608505,
            54397951
        ]
    ],
    "precision": {
        "CEU": 0.9222554346418237,
        "PUR": 0.009422471505971333,
        "YRI": 0.9850191593442944
    },
    "recall": {
        "CEU": 0.49113183394216336,
        "PUR": 0.6384177689500838,
        "YRI": 0.5035224154361722
    },
    "f1": {
        "CEU": 0.6409411108288194,
        "PUR": 0.01857085392720677,
        "YRI": 0.6663962025207056
    },
    "mcc": 0.40970495238904386,
    "shape": [
        865161,
        100,
        3
    ],
    "per_ancestry_accuracy": {
        "CEU": 0.49113183394216336,
        "PUR": 0.6384177689500838,
        "YRI": 0.5035224154361722
    }
}