{
    "method": "linear",
    "labels": [
        "CEU",
        "YRI"
    ],
    "overall_accuracy": 0.6643232094065401,
    "confusion_matrix": [
        [
            56174803,
            5861066
        ],
        [
            96919021,
            147232758
        ]
    ],
    "precision": {
        "CEU": 0.3669305627900444,
        "YRI": 0.9617158560230359
    },
    "recall": {
        "CEU": 0.9055213363739614,
        "YRI": 0.6030378259091038
    },
    "f1": {
        "CEU": 0.5222412788921704,
        "YRI": 0.7412681569693799
    },
    "mcc": 0.408822880278134,
    "shape": [
        948789,
        500,
        2
    ],
    "per_ancestry_accuracy": {
        "CEU": 0.9055213363739614,
        "YRI": 0.6030378259091038
    }
}