{
    "method": "nearest",
    "labels": [
        "CEU",
        "YRI"
    ],
    "overall_accuracy": 0.37524532055564164,
    "confusion_matrix": [
        [
            176331847,
            13460279
        ],
        [
            574657619,
            176908387
        ]
    ],
    "precision": {
        "CEU": 0.234799361353492,
        "YRI": 0.9292936212517243
    },
    "recall": {
        "CEU": 0.9290788333336863,
        "YRI": 0.2353863607290402
    },
    "f1": {
        "CEU": 0.3748624516029008,
        "YRI": 0.3756277208150164
    },
    "mcc": 0.1642789829177747,
    "shape": [
        948789,
        500,
        2
    ],
    "per_ancestry_accuracy": {
        "CEU": 0.9290788333336863,
        "YRI": 0.2353863607290402
    }
}