distance_bin	error_rate	n_sites
0-1000	1.0	71
1000-5000	0.9174757281553398	206
5000-10000	1.0	237
10000-50000	0.940193491644679	2274
50000-100000	0.9454873646209386	2770
100000-inf	0.9619849220392459	943231
