{
    "method": "linear",
    "labels": [
        "CEU",
        "YRI"
    ],
    "overall_accuracy": 0.37796366270202036,
    "confusion_matrix": [
        [
            177897481,
            11893666
        ],
        [
            573662783,
            177900158
        ]
    ],
    "precision": {
        "CEU": 0.2367042132498905,
        "YRI": 0.9373337564450991
    },
    "recall": {
        "CEU": 0.9373328725390969,
        "YRI": 0.23670693204123805
    },
    "f1": {
        "CEU": 0.37796189376509043,
        "YRI": 0.37796543162888946
    },
    "mcc": 0.174038887135244,
    "shape": [
        948789,
        500,
        2
    ],
    "per_ancestry_accuracy": {
        "CEU": 0.9373328725390969,
        "YRI": 0.23670693204123805
    }
}