{
    "method": "linear",
    "labels": [
        "CEU",
        "YRI"
    ],
    "overall_accuracy": 0.3779139800155624,
    "confusion_matrix": [
        [
            177874901,
            11917855
        ],
        [
            573685363,
            177875969
        ]
    ],
    "precision": {
        "0": 0.23667416908566097,
        "1": 0.937206307619367
    },
    "recall": {
        "0": 0.9372059542672957,
        "1": 0.23667525380350463
    },
    "f1": {
        "0": 0.377913274235844,
        "1": 0.3779146857936794
    },
    "mcc": 0.17388084238752965,
    "shape": [
        948789,
        500,
        2
    ],
    "per_ancestry_accuracy": {
        "CEU": 0.9372059542672957,
        "YRI": 0.23667525380350463
    }
}