distance_bin	error_rate	n_sites
0-1000	0.49019607843137253	357
1000-5000	0.4596879063719116	1538
5000-10000	0.44273972602739725	1825
10000-50000	0.4274779195289499	15285
50000-100000	0.36855670103092786	17072
100000-inf	0.05923645854943528	829084
